date,user_id,sleep_hours,steps,calories_burned,walk_amount,exercise_intensity,activity_mean,activity_std,activity_nonzero_frac,phone_locked_duration,phone_lock_events,screen_off_duration,screen_off_events,conversation_duration,conversation_count,phq9_score
2024-01-15,user_demo,7.5,8200,2150,2.0,2.9,0.118000,0.432000,0.071000,35240,4,33180,3,16840,31,4
2024-01-16,user_demo,6.8,6500,1950,1.8,2.4,0.094000,0.387000,0.058000,41780,5,28460,2,14220,27,4
2024-01-17,user_demo,8.2,10300,2400,2.6,3.5,0.162000,0.521000,0.096000,29860,3,44720,4,23640,44,4
2024-01-18,user_demo,5.9,5200,1750,1.4,1.9,0.071000,0.356000,0.041000,46840,6,22180,2,11280,22,4
2024-01-19,user_demo,7.1,9100,2200,2.3,3.1,0.134000,0.466000,0.081000,33820,4,36540,3,19460,36,4
2024-01-20,user_demo,8.5,12400,2650,3.1,4.1,0.218000,0.618000,0.134000,27460,3,51880,4,28120,57,4
2024-01-21,user_demo,6.2,4800,1600,1.2,1.5,0.062000,0.329000,0.038000,48920,6,24840,2,9680,18,4
2024-01-22,user_demo,7.8,11200,2500,2.8,3.8,0.187000,0.575000,0.112000,30180,3,47320,4,24860,49,4
2024-01-23,user_demo,7.3,8900,2300,2.2,3.3,0.141000,0.447000,0.084000,34420,4,38960,3,20520,39,4
2024-01-24,user_demo,6.5,7100,1850,1.7,2.1,0.098000,0.401000,0.060000,42680,5,27640,2,15140,29,4
